--
-- Script was generated by Devart dbForge Studio 2020 for MySQL, Version 9.0.338.0
-- Product home page: http://www.devart.com/dbforge/mysql/studio
-- Script date 8/24/2023 2:57:35 PM
-- Server version: 10.5.20
-- Client version: 4.1
--

-- 
-- Disable foreign keys
-- 
/*!40014 SET @OLD_FOREIGN_KEY_CHECKS=@@FOREIGN_KEY_CHECKS, FOREIGN_KEY_CHECKS=0 */;

-- 
-- Set SQL mode
-- 
/*!40101 SET @OLD_SQL_MODE=@@SQL_MODE, SQL_MODE='NO_AUTO_VALUE_ON_ZERO' */;

-- 
-- Set character set the client will use to send SQL statements to the server
--
SET NAMES 'utf8';

--
-- Set default database
--
USE qlts_fresher_core;

--
-- Drop table `receiver`
--
DROP TABLE IF EXISTS receiver;

--
-- Drop table `transfer_asset_detail`
--
DROP TABLE IF EXISTS transfer_asset_detail;

--
-- Drop table `transfer_asset`
--
DROP TABLE IF EXISTS transfer_asset;

--
-- Drop table `fixed_asset`
--
DROP TABLE IF EXISTS fixed_asset;

--
-- Drop table `department`
--
DROP TABLE IF EXISTS department;

--
-- Drop table `fixed_asset_category`
--
DROP TABLE IF EXISTS fixed_asset_category;

--
-- Set default database
--
USE qlts_fresher_core;

--
-- Create table `fixed_asset_category`
--
CREATE TABLE fixed_asset_category (
  fixed_asset_category_id char(36) NOT NULL COMMENT 'Id loại tài sản',
  fixed_asset_category_code varchar(50) DEFAULT NULL COMMENT 'Mã loại tài sản',
  fixed_asset_category_name varchar(255) DEFAULT NULL COMMENT 'Tên loại tài sản',
  organization_id char(36) DEFAULT NULL COMMENT 'Id của đơn vị',
  depreciation_rate float DEFAULT NULL COMMENT 'Tỷ lệ hao mòn (%)',
  life_time int(11) DEFAULT NULL COMMENT 'Số năm sử dụng ',
  description varchar(500) DEFAULT NULL COMMENT 'Ghi chú',
  created_by varchar(50) DEFAULT NULL COMMENT 'Người tạo',
  created_date timestamp NULL DEFAULT CURRENT_TIMESTAMP() COMMENT 'Ngày tạo',
  modified_by varchar(50) DEFAULT NULL COMMENT 'Người sửa',
  modified_date timestamp NULL DEFAULT CURRENT_TIMESTAMP() COMMENT 'Ngày sửa',
  PRIMARY KEY (fixed_asset_category_id)
)
ENGINE = INNODB,
AVG_ROW_LENGTH = 1638,
CHARACTER SET utf8mb4,
COLLATE utf8mb4_general_ci,
COMMENT = 'Loại tài sản';

--
-- Create table `department`
--
CREATE TABLE department (
  department_id char(36) NOT NULL,
  department_code varchar(50) DEFAULT NULL COMMENT 'Mã của phòng ban',
  department_name varchar(255) DEFAULT NULL COMMENT 'Tên phòng ban',
  description varchar(500) DEFAULT NULL COMMENT 'Ghi chú',
  is_parent bit(1) DEFAULT NULL COMMENT 'Có phải là cha không',
  parent_id char(36) DEFAULT NULL COMMENT 'Id phòng ban cha',
  organization_id char(36) DEFAULT NULL COMMENT 'Id của đơn vị',
  created_by varchar(50) DEFAULT NULL COMMENT 'Người tạo',
  created_date timestamp NULL DEFAULT CURRENT_TIMESTAMP() COMMENT 'Ngày tạo',
  modified_by varchar(50) DEFAULT NULL COMMENT 'Người sửa',
  modified_date timestamp NULL DEFAULT CURRENT_TIMESTAMP() COMMENT 'Ngày sửa',
  PRIMARY KEY (department_id)
)
ENGINE = INNODB,
AVG_ROW_LENGTH = 1638,
CHARACTER SET utf8mb4,
COLLATE utf8mb4_general_ci,
COMMENT = 'Danh mục phòng ban';

--
-- Create table `fixed_asset`
--
CREATE TABLE fixed_asset (
  fixed_asset_id char(36) NOT NULL COMMENT 'Id tài sản',
  fixed_asset_code varchar(100) DEFAULT NULL COMMENT 'Mã tài sản',
  fixed_asset_name varchar(255) DEFAULT NULL COMMENT 'Tên tài sản',
  organization_id char(36) DEFAULT NULL COMMENT 'Id của đơn vị',
  organization_code varchar(50) DEFAULT NULL COMMENT 'Mã đơn vị',
  organization_name varchar(255) DEFAULT NULL COMMENT 'Tên của đơn vị',
  department_id char(36) DEFAULT NULL COMMENT 'Id phòng ban',
  department_code varchar(50) DEFAULT NULL COMMENT 'Mã phòng ban',
  department_name varchar(255) DEFAULT NULL,
  fixed_asset_category_id char(36) DEFAULT NULL COMMENT 'Id loại tài sản',
  fixed_asset_category_code varchar(50) DEFAULT NULL COMMENT 'Mã loại tài sản',
  fixed_asset_category_name varchar(255) DEFAULT NULL COMMENT 'Tên loại tài sản',
  purchase_date timestamp NULL DEFAULT CURRENT_TIMESTAMP() COMMENT 'Ngày mua',
  start_using_date timestamp NULL DEFAULT NULL COMMENT 'Ngày bắt đầu sử dụng',
  cost decimal(19, 4) DEFAULT NULL COMMENT 'nguyên giá',
  quantity int(11) DEFAULT 0 COMMENT 'Số lượng',
  depreciation_rate float DEFAULT NULL COMMENT 'Tỷ lệ hao mòn (%)',
  tracked_year int(11) DEFAULT NULL COMMENT 'Năm bắt đầu theo dõi tài sản trên phần mềm',
  life_time int(11) DEFAULT NULL COMMENT 'Số năm sử dụng ',
  production_year int(11) DEFAULT NULL COMMENT 'Năm sử dụng',
  active bit(1) DEFAULT b'0' COMMENT 'Sử dụng',
  created_by varchar(50) DEFAULT NULL COMMENT 'Người tạo',
  created_date timestamp NULL DEFAULT CURRENT_TIMESTAMP() COMMENT 'Ngày tạo',
  modified_by varchar(50) DEFAULT NULL COMMENT 'Người sửa',
  modified_date timestamp NULL DEFAULT CURRENT_TIMESTAMP() COMMENT 'Ngày sửa',
  PRIMARY KEY (fixed_asset_id)
)
ENGINE = INNODB,
AVG_ROW_LENGTH = 847,
CHARACTER SET utf8mb4,
COLLATE utf8mb4_general_ci;

--
-- Create foreign key
--
ALTER TABLE fixed_asset
ADD CONSTRAINT FK_fixed_asset_department_department_id FOREIGN KEY (department_id)
REFERENCES department (department_id) ON DELETE NO ACTION ON UPDATE NO ACTION;

--
-- Create foreign key
--
ALTER TABLE fixed_asset
ADD CONSTRAINT FK_fixed_asset_fixed_asset_category_fixed_asset_category_id FOREIGN KEY (fixed_asset_category_id)
REFERENCES fixed_asset_category (fixed_asset_category_id) ON DELETE NO ACTION ON UPDATE NO ACTION;

--
-- Create table `transfer_asset`
--
CREATE TABLE transfer_asset (
  transfer_asset_id char(36) NOT NULL DEFAULT '' COMMENT 'Id của chứng từ',
  transfer_asset_code varchar(255) DEFAULT NULL COMMENT 'Mã chứng từ',
  transfer_date datetime DEFAULT NULL COMMENT 'Ngày điều chuyển',
  transaction_date datetime DEFAULT NULL COMMENT 'Ngày chứng từ',
  description varchar(255) DEFAULT NULL COMMENT 'Lý do điều chuyển',
  created_by varchar(255) DEFAULT NULL COMMENT 'Người tạo bản ghi',
  created_date datetime DEFAULT NULL COMMENT 'Ngày tạo bản ghi',
  modified_by varchar(255) DEFAULT NULL COMMENT 'Người cập nhật bản ghi',
  modified_date datetime DEFAULT NULL COMMENT 'Ngày cập nhật bản ghi',
  PRIMARY KEY (transfer_asset_id)
)
ENGINE = INNODB,
CHARACTER SET utf8mb4,
COLLATE utf8mb4_general_ci,
COMMENT = 'Thông tin chứng từ';

--
-- Create table `transfer_asset_detail`
--
CREATE TABLE transfer_asset_detail (
  fixed_asset_id char(36) DEFAULT NULL COMMENT 'Id của tài sản',
  transfer_asset_id char(36) DEFAULT NULL COMMENT 'Id của chứng từ',
  old_department_id char(36) DEFAULT NULL COMMENT 'Phòng ban hiện tại của tài sản',
  new_department_id char(36) DEFAULT NULL COMMENT 'Phòng ban cần chuyển tài sản đến',
  description varchar(255) DEFAULT NULL COMMENT 'Lý do điều chuyển',
  created_by varchar(255) DEFAULT NULL COMMENT 'Người tạo chi tiết chứng từ',
  created_date datetime DEFAULT NULL COMMENT 'Ngày tạo chi tiết chứng từ',
  modified_by varchar(255) DEFAULT NULL COMMENT 'Người cập nhật chi tiết chứng từ',
  modified_date datetime DEFAULT NULL COMMENT 'Ngày cập nhật chi tiết chứng từ'
)
ENGINE = INNODB,
CHARACTER SET utf8mb4,
COLLATE utf8mb4_general_ci,
COMMENT = 'Chi tiết chứng từ điều chuyển tài sản';

--
-- Create foreign key
--
ALTER TABLE transfer_asset_detail
ADD CONSTRAINT FK_fixed_asset_document_fixed_asset_fixed_asset_id FOREIGN KEY (fixed_asset_id)
REFERENCES fixed_asset (fixed_asset_id) ON DELETE NO ACTION ON UPDATE NO ACTION;

--
-- Create foreign key
--
ALTER TABLE transfer_asset_detail
ADD CONSTRAINT FK_fixed_asset_transfer_asset_transfer_asset_transfer_asset_id FOREIGN KEY (transfer_asset_id)
REFERENCES transfer_asset (transfer_asset_id) ON DELETE NO ACTION ON UPDATE NO ACTION;

--
-- Create table `receiver`
--
CREATE TABLE receiver (
  receiver_id char(36) NOT NULL DEFAULT '' COMMENT 'Id của người nhận',
  receiver_code varchar(255) DEFAULT NULL COMMENT 'Mã code của người nhận',
  receiver_fullname varchar(255) DEFAULT NULL COMMENT 'Họ tên đầy đủ của người nhận',
  receiver_delegate varchar(255) DEFAULT NULL COMMENT 'Người đại diện nhận',
  receiver_position varchar(255) DEFAULT NULL COMMENT 'Chức vụ của người nhận',
  created_by varchar(255) DEFAULT NULL COMMENT 'Người tạo bản ghi',
  created_date datetime DEFAULT NULL COMMENT 'Ngày tạo bản ghi',
  modified_by varchar(255) DEFAULT NULL COMMENT 'Người cập nhật bản ghi',
  modified_date datetime DEFAULT NULL COMMENT 'Ngày cập nhật bản ghi',
  transfer_asset_id char(36) DEFAULT NULL COMMENT 'Id của chứng từ',
  PRIMARY KEY (receiver_id)
)
ENGINE = INNODB,
CHARACTER SET utf8mb4,
COLLATE utf8mb4_general_ci,
COMMENT = 'Người nhận';

--
-- Create foreign key
--
ALTER TABLE receiver
ADD CONSTRAINT FK_receiver_transfer_asset_transfer_asset_id FOREIGN KEY (transfer_asset_id)
REFERENCES transfer_asset (transfer_asset_id) ON DELETE NO ACTION ON UPDATE NO ACTION;

-- 
-- Dumping data for table fixed_asset_category
--
INSERT INTO fixed_asset_category VALUES
('11fbda18-5d9f-396c-1299-04b3a3d51ef2', 'FAC0004', 'Máy móc và thiết bị', 'daab49cb-9be5-4eef-a1e5-53ea724bb02e', 7, 9, 'Bao gồm các loại máy móc, thiết bị công nghiệp và dụng cụ cần thiết cho hoạt động sản xuất và kinh doanh', 'Merle Reiter', '2005-01-24 04:42:17', 'Brett Abney', '1995-12-16 10:59:44'),
('15b4ab0a-3b8f-6f6f-2a8f-4d82f3a13455', 'FAC0009', 'Phương tiện vận tải', 'daab49cb-9be5-4eef-a1e5-53ea724bb02e', 19, 14, 'Bao gồm các loại xe hơi, xe máy, xe tải và các phương tiện vận chuyển khác', 'Leonila Malone', '1996-12-28 08:52:32', 'Ward Provost', '1971-01-01 00:00:01'),
('4bfe55ba-57df-274c-1144-cfd00e0a9b3b', 'FAC0008', 'Đất đai và bất động sản', 'daab49cb-9be5-4eef-a1e5-53ea724bb02e', 19, 16, 'Bao gồm đất đai, tòa nhà, căn hộ, văn phòng và các tài sản bất động sản khác', 'Dorian Conaway', '1999-05-29 18:13:56', 'Abigail Mclemore', '1971-01-01 02:39:05'),
('5ada22d3-3248-6596-6e1a-bb545470e80c', 'FAC0006', 'Thiết bị công nghệ', 'daab49cb-9be5-4eef-a1e5-53ea724bb02e', 79, 19, 'Bao gồm máy tính, máy ảnh, điện thoại thông minh và các thiết bị công nghệ khác', 'April Fife', '2007-10-21 17:10:57', 'Colton Ackerman', '1995-12-23 07:04:53'),
('5e6695e2-5aad-3241-6c1a-bb545470e80c', 'FAC0000', 'Thiết bị văn phòng', 'daab49cb-9be5-4eef-a1e5-53ea724bb02e', 83, 19, 'Bao gồm máy in, máy fax, bàn làm việc, ghế và các thiết bị văn phòng khác', 'Yadira Villanueva', '1989-05-16 20:04:02', 'Trent Dobbins', '1996-04-14 09:50:58'),
('60e226cb-63fb-4363-fc4d-8601bf3d85d8', 'FAC0003', 'Trang trí nội thất', 'daab49cb-9be5-4eef-a1e5-53ea724bb02e', 68, 14, 'Bao gồm đồ nội thất như bàn, ghế, tủ, giường và các vật dụng trang trí khác', NULL, '1971-01-01 00:01:08', 'Kim Charlton', '1984-05-16 08:00:38'),
('6207a9a7-3bf9-7288-8565-390639088226', 'FAC0001', 'Trang thiết bị y tế', 'daab49cb-9be5-4eef-a1e5-53ea724bb02e', 47, 14, 'Bao gồm các thiết bị y tế, máy móc chẩn đoán và các công cụ y tế khác', 'Britta Ayres', '1992-07-25 15:30:59', 'Araceli Kingsley', '1971-01-01 00:01:22'),
('697be7ba-1738-6adf-298f-4d82f3a13455', 'FAC0007', 'Công cụ và dụng cụ thủ công', 'daab49cb-9be5-4eef-a1e5-53ea724bb02e', 34, 13, 'Bao gồm các công cụ, dụng cụ và thiết bị thủ công dùng trong sản xuất và xử lý', 'Vivienne Goodson', '2023-07-17 16:40:42', 'Lonna Mccurdy', '1971-01-01 00:00:04'),
('6d81a322-63f0-7270-6d1a-bb545470e80c', 'FAC0002', 'Thực phẩm và đồ uống', 'daab49cb-9be5-4eef-a1e5-53ea724bb02e', 85, 12, 'Bao gồm các loại thực phẩm, đồ uống và hàng tồn kho trong ngành công nghiệp ẩm thực', 'Bernard Creighton', '1971-01-01 01:08:43', NULL, '1978-10-12 19:34:15'),
('76598eb0-20b1-664e-8665-390639088226', 'FAC0005', 'Hàng hóa và vật liệu', 'daab49cb-9be5-4eef-a1e5-53ea724bb02e', 87, 5, 'Bao gồm các loại hàng hóa, vật liệu xây dựng và nguyên vật liệu sử dụng trong sản xuất và kinh doanh', 'Wilfredo Southern', '1985-02-16 08:36:46', 'Althea Heath', '2018-06-29 03:31:01');

-- 
-- Dumping data for table department
--
INSERT INTO department VALUES
('11452b0c-768e-5ff7-0d63-eeb1d8ed8cef', 'DP0004', 'Phòng ban Tài chính', 'Quản lý và điều phối các hoạt động tài chính, bao gồm kế toán, kiểm toán, quản lý ngân sách và tài trợ', False, 'daab49cb-9be5-4eef-a1e5-53ea724bb02e', 'daab49cb-9be5-4eef-a1e5-53ea724bb02e', 'Adolph Francisco', '2012-05-05 14:30:13', 'Jason Blackmon', '1986-03-24 10:34:40'),
('142cb08f-7c31-21fa-8e90-67245e8b283e', 'DP0000', 'Phòng ban Kỹ thuật', 'Đảm bảo hoạt động và bảo trì thiết bị, máy móc và công nghệ để đảm bảo hiệu suất và tiết kiệm chi phí', False, 'daab49cb-9be5-4eef-a1e5-53ea724bb02e', 'daab49cb-9be5-4eef-a1e5-53ea724bb02e', 'Letha Bolt', '1971-01-01 00:07:13', 'Abraham Acevedo', '1971-01-01 00:00:04'),
('17120d02-6ab5-3e43-18cb-66948daf6128', 'DP0003', 'Phòng ban Nhân sự', 'Quản lý việc tuyển dụng, đào tạo, đánh giá và chăm sóc nhân viên trong tổ chức', False, 'daab49cb-9be5-4eef-a1e5-53ea724bb02e', 'daab49cb-9be5-4eef-a1e5-53ea724bb02e', 'Miyoko Mckinney', '1984-01-13 16:35:05', 'Hong Beaudoin', '2005-06-01 21:06:16'),
('2bbbd485-6df2-536a-7e32-6a1673ffca7c', 'DP0009', 'Phòng ban Marketing', 'Phát triển chiến lược quảng cáo và tiếp thị để tăng doanh số bán hàng và tăng trưởng doanh nghiệp', False, 'daab49cb-9be5-4eef-a1e5-53ea724bb02e', 'daab49cb-9be5-4eef-a1e5-53ea724bb02e', 'Denisha Mcginnis', '1986-01-07 12:53:17', 'Peggy Charlton', '2022-06-22 10:37:12'),
('4577565a-7e3e-493a-74dd-867949feb8b5', 'DP0006', 'Phòng ban Kinh doanh', 'Quản lý hoạt động bán hàng, xúc tiến doanh nghiệp và đáp ứng nhu cầu của khách hàng', True, 'daab49cb-9be5-4eef-a1e5-53ea724bb02e', 'daab49cb-9be5-4eef-a1e5-53ea724bb02e', 'Felix Alba', '1975-08-21 21:02:23', 'Tiny Card', '2023-01-18 23:55:45'),
('469b3ece-744a-45d5-957d-e8c757976496', 'DP0001', 'Phòng ban Quản lý chất lượng', ' Theo dõi và đảm bảo chất lượng sản phẩm và dịch vụ để đạt được tiêu chuẩn cao nhất', False, 'daab49cb-9be5-4eef-a1e5-53ea724bb02e', 'daab49cb-9be5-4eef-a1e5-53ea724bb02e', 'Vanita Kelleher', '2004-06-11 12:54:08', 'Retta Lord', '1999-06-14 02:48:14'),
('4e272fc4-7875-78d6-7d32-6a1673ffca7c', 'DP0002', 'Phòng ban Nghiên cứu và phát triển', 'Tiến hành nghiên cứu và phát triển sản phẩm mới và cải tiến để củng cố sự cạnh tranh của doanh nghiệp', False, 'daab49cb-9be5-4eef-a1e5-53ea724bb02e', 'daab49cb-9be5-4eef-a1e5-53ea724bb02e', 'Marcos Abraham', '2010-11-14 21:17:35', 'Treena Lind', '1971-01-01 00:00:08'),
('59d19422-6657-452e-a7db-e5d54223c257', 'DP0008', 'Phòng ban Hành chính', 'Quản lý công việc văn phòng, lưu trữ hồ sơ và hỗ trợ các hoạt động chung của tổ chức', NULL, 'daab49cb-9be5-4eef-a1e5-53ea724bb02e', 'daab49cb-9be5-4eef-a1e5-53ea724bb02e', NULL, '1971-01-01 00:01:04', 'Maynard Brockman', '2017-06-29 17:49:15'),
('7686595d-16d5-33b3-0080-e8e2a817c80e', 'DP0007', 'Phòng ban Sản xuất', 'Điều hành quy trình sản xuất và sản xuất hàng hoá hoặc dịch vụ của doanh nghiệp', False, 'daab49cb-9be5-4eef-a1e5-53ea724bb02e', 'daab49cb-9be5-4eef-a1e5-53ea724bb02e', 'Eusebia Noland', '1993-03-17 02:45:58', 'Carroll Binder', '2006-02-27 02:33:16'),
('768f8e64-7d10-20c9-967d-e8c757976496', 'DP0005', 'Phòng ban Dịch vụ khách hàng', 'Hỗ trợ và giải quyết mọi yêu cầu và thắc mắc của khách hàng để đảm bảo sự hài lòng và trung thành của khách hàng', True, 'daab49cb-9be5-4eef-a1e5-53ea724bb02e', 'daab49cb-9be5-4eef-a1e5-53ea724bb02e', 'Oma Lawler', '1989-04-01 20:13:16', NULL, '2004-06-24 17:24:44');

-- 
-- Dumping data for table fixed_asset
--
INSERT INTO fixed_asset VALUES
('08eb4ad7-336d-11ee-aa14-f875a4da458a', 'FA000612346', '1234', NULL, NULL, NULL, '4e272fc4-7875-78d6-7d32-6a1673ffca7c', 'DP0002', 'Phòng ban Nghiên cứu và phát triển', '697be7ba-1738-6adf-298f-4d82f3a13455', 'FAC0007', 'Công cụ và dụng cụ thủ công', '2023-08-05 00:00:00', '2023-08-05 00:00:00', 12304.0000, 12304, NULL, 2023, 13, 0, NULL, NULL, NULL, NULL, '2023-08-05 18:57:55'),
('0bde13af-a756-4d38-bbfd-7369d0b24206', 'FA00045', 'tham quan thuycung', NULL, NULL, NULL, '4e272fc4-7875-78d6-7d32-6a1673ffca7c', 'DP0002', 'Phòng ban Nghiên cứu và phát triển', '697be7ba-1738-6adf-298f-4d82f3a13455', 'FAC0007', 'Công cụ và dụng cụ thủ công', '2023-08-07 00:00:00', '2023-08-07 00:00:00', 3450.0000, 32405, NULL, 2023, 15, 0, NULL, NULL, NULL, NULL, '2023-08-10 09:06:11'),
('0d2f75e7-ef2d-4d55-bc31-86a14f063948', 'FA00047', 'Giấy chứng nhận cổ phần', NULL, NULL, NULL, '11452b0c-768e-5ff7-0d63-eeb1d8ed8cef', 'DP0004', 'Phòng ban Tài chính', '697be7ba-1738-6adf-298f-4d82f3a13455', 'FAC0007', 'Công cụ và dụng cụ thủ công', '2023-08-05 00:00:00', '2023-08-05 00:00:00', 1234.0000, 1234, NULL, 2023, 20, 0, NULL, NULL, '2023-08-18 10:40:16', NULL, '2023-08-18 10:40:16'),
('12cbdbe8-44ec-4195-a3b3-2a897c49d853', 'FA00038', 'Trang trại', NULL, NULL, NULL, '11452b0c-768e-5ff7-0d63-eeb1d8ed8cef', 'DP0004', 'Phòng ban Tài chính', '15b4ab0a-3b8f-6f6f-2a8f-4d82f3a13455', 'FAC0009', 'Phương tiện vận tải', '2023-08-07 00:00:00', '2023-08-07 00:00:00', 24305.0000, 37, NULL, 2023, 20, 0, NULL, NULL, NULL, NULL, '2023-08-10 06:50:58'),
('16f8683b-f272-4e25-8ecd-0aa0c26ac489', 'FA00064', 'Điện thoại di động', NULL, NULL, NULL, '11452b0c-768e-5ff7-0d63-eeb1d8ed8cef', 'DP0004', 'Phòng ban Tài chính', '697be7ba-1738-6adf-298f-4d82f3a13455', 'FAC0007', 'Công cụ và dụng cụ thủ công', '2023-08-05 00:00:00', '2023-08-05 00:00:00', 23405.0000, 23405, NULL, 2023, 10, 0, NULL, NULL, NULL, NULL, '2023-08-10 06:49:48'),
('19493226-edd2-4125-aa8e-638cadd35e6b', 'FA00065', 'Máy tính', NULL, NULL, NULL, '11452b0c-768e-5ff7-0d63-eeb1d8ed8cef', 'DP0004', 'Phòng ban Tài chính', '697be7ba-1738-6adf-298f-4d82f3a13455', 'FAC0007', 'Công cụ và dụng cụ thủ công', '2023-08-05 00:00:00', '2023-08-05 00:00:00', 23405.0000, 23405, NULL, 2023, 10, 0, NULL, NULL, NULL, NULL, '2023-08-10 06:49:41'),
('197ada20-30e7-11ee-b14c-f875a4da458a', 'FA00048', '2134', NULL, NULL, NULL, '4e272fc4-7875-78d6-7d32-6a1673ffca7c', 'DP0002', 'Phòng ban Nghiên cứu và phát triển', '15b4ab0a-3b8f-6f6f-2a8f-4d82f3a13455', 'FAC0009', 'Phương tiện vận tải', '2023-08-20 00:00:00', '2023-08-25 00:00:00', 12304.0000, 134, NULL, 2023, 14, 0, NULL, NULL, NULL, NULL, '2023-08-03 19:40:12'),
('1a4367e7-31a0-11ee-b14c-f875a4da458a', 'FA00053', '1234', NULL, NULL, NULL, '11452b0c-768e-5ff7-0d63-eeb1d8ed8cef', 'DP0004', 'Phòng ban Tài chính', '697be7ba-1738-6adf-298f-4d82f3a13455', 'FAC0007', 'Công cụ và dụng cụ thủ công', '2023-08-03 00:00:00', '2023-08-03 00:00:00', 12304.0000, 412034, NULL, 2023, 10, 0, NULL, NULL, '2023-08-03 08:50:08', NULL, '2023-08-03 08:50:08'),
('1a8c485f-3438-11ee-aa14-f875a4da458a', 'FA00020', '1234', NULL, NULL, NULL, '4e272fc4-7875-78d6-7d32-6a1673ffca7c', 'DP0002', 'Phòng ban Nghiên cứu và phát triển', '15b4ab0a-3b8f-6f6f-2a8f-4d82f3a13455', 'FAC0009', 'Phương tiện vận tải', '2023-08-05 00:00:00', '2023-08-06 00:00:00', 2340.0000, 12304, NULL, 2023, 14, 0, NULL, NULL, NULL, NULL, '2023-08-06 16:19:11'),
('35634401-3217-11ee-b14c-f875a4da458a', 'FA00049', '3456', NULL, NULL, NULL, '11452b0c-768e-5ff7-0d63-eeb1d8ed8cef', 'DP0004', 'Phòng ban Tài chính', '6207a9a7-3bf9-7288-8565-390639088226', 'FAC0001', 'Trang thiết bị y tế', '2023-08-03 00:00:00', '2023-08-03 00:00:00', 34506.0000, 34506, NULL, 2023, 15, 0, NULL, NULL, '2023-08-03 23:02:44', NULL, '2023-08-03 23:02:44'),
('3e79c417-336d-11ee-aa14-f875a4da458a', 'FA00061', '1234', NULL, NULL, NULL, '4e272fc4-7875-78d6-7d32-6a1673ffca7c', 'DP0002', 'Phòng ban Nghiên cứu và phát triển', '15b4ab0a-3b8f-6f6f-2a8f-4d82f3a13455', 'FAC0009', 'Phương tiện vận tải', '2023-08-05 00:00:00', '2023-08-05 00:00:00', 12304.0000, 12304, NULL, 2023, 14, 0, NULL, NULL, NULL, NULL, '2023-08-06 16:17:15'),
('4271d7b9-3217-11ee-b14c-f875a4da458a', 'FA00051', '2345', NULL, NULL, NULL, '4e272fc4-7875-78d6-7d32-6a1673ffca7c', 'DP0002', 'Phòng ban Nghiên cứu và phát triển', '697be7ba-1738-6adf-298f-4d82f3a13455', 'FAC0007', 'Công cụ và dụng cụ thủ công', '2023-08-03 00:00:00', '2023-08-03 00:00:00', 23405.0000, 23405, NULL, 2023, 13, 0, NULL, NULL, NULL, NULL, '2023-08-06 16:18:25'),
('4c411f8d-4443-40a2-be8e-7d4e13371aca', 'FA00034', 'máy', NULL, NULL, NULL, '4e272fc4-7875-78d6-7d32-6a1673ffca7c', 'DP0002', 'Phòng ban Nghiên cứu và phát triển', '697be7ba-1738-6adf-298f-4d82f3a13455', 'FAC0007', 'Công cụ và dụng cụ thủ công', '2023-08-06 00:00:00', '2023-08-06 00:00:00', 12304.0000, 23401, NULL, 2023, 10, 0, NULL, NULL, '2023-08-06 17:48:08', NULL, '2023-08-06 17:48:08'),
('5195f8f9-3367-11ee-aa14-f875a4da458a', 'FA00054', '2345', NULL, NULL, NULL, '142cb08f-7c31-21fa-8e90-67245e8b283e', 'DP0000', 'Phòng ban Kỹ thuật', '697be7ba-1738-6adf-298f-4d82f3a13455', 'FAC0007', 'Công cụ và dụng cụ thủ công', '2023-08-05 00:00:00', '2023-08-05 00:00:00', 23405.0000, 23405, NULL, 2023, 10, 0, NULL, NULL, '2023-08-05 15:08:51', NULL, '2023-08-05 15:08:51'),
('548abddb-304f-11ee-b14c-f875a4da458a', 'FA0006', '2345', NULL, NULL, NULL, '11452b0c-768e-5ff7-0d63-eeb1d8ed8cef', 'DP0004', 'Phòng ban Tài chính', '697be7ba-1738-6adf-298f-4d82f3a13455', 'FAC0007', 'Công cụ và dụng cụ thủ công', '2023-08-18 00:00:00', '2023-08-23 00:00:00', 2435.0000, 2345, NULL, 2023, 12, 0, NULL, NULL, '2023-08-01 16:39:32', NULL, '2023-08-01 16:39:32'),
('5823041c-8b67-4f77-adb1-38bbde31f124', 'FA00059', 'Tiền mặt', NULL, NULL, NULL, '11452b0c-768e-5ff7-0d63-eeb1d8ed8cef', 'DP0004', 'Phòng ban Tài chính', '697be7ba-1738-6adf-298f-4d82f3a13455', 'FAC0007', 'Công cụ và dụng cụ thủ công', '2023-08-05 00:00:00', '2023-08-05 00:00:00', 23405.0000, 23405, NULL, 2023, 10, 0, NULL, NULL, NULL, NULL, '2023-08-10 06:50:01'),
('5b7468d6-3078-11ee-b14c-f875a4da458a', 'FA00019', '2345', NULL, NULL, NULL, '11452b0c-768e-5ff7-0d63-eeb1d8ed8cef', 'DP0004', 'Phòng ban Tài chính', '15b4ab0a-3b8f-6f6f-2a8f-4d82f3a13455', 'FAC0009', 'Phương tiện vận tải', '2023-07-30 00:00:00', '2023-07-30 00:00:00', 2345.0000, 2345, NULL, 2023, 14, 0, NULL, NULL, '2023-08-01 21:33:13', NULL, '2023-08-01 21:33:13'),
('5bd86d79-abe8-4db0-bfe9-be9dd0ff806f', 'FA00066', 'Xe hơi', NULL, NULL, NULL, '469b3ece-744a-45d5-957d-e8c757976496', 'DP0001', 'Phòng ban Quản lý chất lượng', '697be7ba-1738-6adf-298f-4d82f3a13455', 'FAC0007', 'Công cụ và dụng cụ thủ công', '2023-08-02 00:00:00', '2023-08-25 00:00:00', 23405.0000, 23405, NULL, 2023, 10, 0, NULL, NULL, NULL, NULL, '2023-08-10 06:49:36'),
('614c083b-cdb6-4cfb-9823-04aeeafcb852', 'FA00035', 'Vé tham quan', NULL, NULL, NULL, '4e272fc4-7875-78d6-7d32-6a1673ffca7c', 'DP0002', 'Phòng ban Nghiên cứu và phát triển', '697be7ba-1738-6adf-298f-4d82f3a13455', 'FAC0007', 'Công cụ và dụng cụ thủ công', '2023-08-07 00:00:00', '2023-08-07 00:00:00', 3450.0000, 32405, NULL, 2023, 15, 0, NULL, NULL, NULL, NULL, '2023-08-10 06:51:16'),
('68cf32a0-3076-11ee-b14c-f875a4da458a', 'FA00016', '124', NULL, NULL, NULL, '4e272fc4-7875-78d6-7d32-6a1673ffca7c', 'DP0002', 'Phòng ban Nghiên cứu và phát triển', '6207a9a7-3bf9-7288-8565-390639088226', 'FAC0001', 'Trang thiết bị y tế', '2023-08-17 17:00:00', '2023-08-18 17:00:00', 2134.0000, 1234, NULL, 2023, 20, 0, NULL, NULL, '2023-08-01 21:19:17', NULL, '2023-08-01 21:19:17'),
('6d9e6dca-3074-11ee-b14c-f875a4da458a', 'FA00015', '245', NULL, NULL, NULL, '469b3ece-744a-45d5-957d-e8c757976496', 'DP0001', 'Phòng ban Quản lý chất lượng', '697be7ba-1738-6adf-298f-4d82f3a13455', 'FAC0007', 'Công cụ và dụng cụ thủ công', '2023-08-17 17:00:00', '2023-08-24 17:00:00', 2345.0000, 2345, NULL, 2023, 12, 0, NULL, NULL, '2023-08-01 21:05:06', NULL, '2023-08-01 21:05:06'),
('74176c70-336c-11ee-aa14-f875a4da458a', 'FA00057', '2345', NULL, NULL, NULL, '11452b0c-768e-5ff7-0d63-eeb1d8ed8cef', 'DP0004', 'Phòng ban Tài chính', '697be7ba-1738-6adf-298f-4d82f3a13455', 'FAC0007', 'Công cụ và dụng cụ thủ công', '2023-08-05 00:00:00', '2023-08-05 00:00:00', 2345.0000, 2345, NULL, 2023, 12, 0, NULL, NULL, '2023-08-05 15:45:36', NULL, '2023-08-05 15:45:36'),
('742f6ff5-3438-11ee-aa14-f875a4da458a', 'FA00030', '2341234', NULL, NULL, NULL, '4e272fc4-7875-78d6-7d32-6a1673ffca7c', 'DP0002', 'Phòng ban Nghiên cứu và phát triển', '6d81a322-63f0-7270-6d1a-bb545470e80c', 'FAC0002', 'Thực phẩm và đồ uống', '2023-08-06 00:00:00', '2023-08-06 00:00:00', 12304.0000, 12304, NULL, 2023, 10, 0, NULL, NULL, '2023-08-06 16:05:51', NULL, '2023-08-06 16:05:51'),
('806e0fbd-336c-11ee-aa14-f875a4da458a', 'FA00058', 'Bất động sản', NULL, NULL, NULL, '11452b0c-768e-5ff7-0d63-eeb1d8ed8cef', 'DP0004', 'Phòng ban Tài chính', '697be7ba-1738-6adf-298f-4d82f3a13455', 'FAC0007', 'Công cụ và dụng cụ thủ công', '2023-08-05 00:00:00', '2023-08-05 00:00:00', 23405.0000, 23405, NULL, 2023, 10, 0, NULL, NULL, NULL, NULL, '2023-08-10 06:50:09'),
('84fd0884-3438-11ee-aa14-f875a4da458a', 'FA00031', '2314', NULL, NULL, NULL, '4e272fc4-7875-78d6-7d32-6a1673ffca7c', 'DP0002', 'Phòng ban Nghiên cứu và phát triển', '60e226cb-63fb-4363-fc4d-8601bf3d85d8', 'FAC0003', 'Trang trí nội thất', '2023-08-06 00:00:00', '2023-08-06 00:00:00', 23104.0000, 12304, NULL, 2023, 14, 0, NULL, NULL, NULL, NULL, '2023-08-06 16:06:35'),
('86606daf-15f3-4bfe-986b-f9f031038419', 'FA00042', 'Đồ nội thất', NULL, NULL, NULL, '11452b0c-768e-5ff7-0d63-eeb1d8ed8cef', 'DP0004', 'Phòng ban Tài chính', '6207a9a7-3bf9-7288-8565-390639088226', 'FAC0001', 'Trang thiết bị y tế', '2023-08-07 00:00:00', '2023-08-07 00:00:00', 32405.0000, 2345, NULL, 2023, 15, 0, NULL, NULL, NULL, NULL, '2023-08-10 06:50:42'),
('90aa30e8-3088-11ee-b14c-f875a4da458a', 'FA00040', '54356', NULL, NULL, NULL, '469b3ece-744a-45d5-957d-e8c757976496', 'DP0001', 'Phòng ban Quản lý chất lượng', '60e226cb-63fb-4363-fc4d-8601bf3d85d8', 'FAC0003', 'Trang trí nội thất', '2023-08-01 00:00:00', '2023-08-01 00:00:00', 3456.0000, 3456, NULL, 2023, 14, 0, NULL, NULL, NULL, NULL, '2023-08-05 18:53:48'),
('922a9ce9-304f-11ee-b14c-f875a4da458a', 'FA0007', '2345qwer', NULL, NULL, NULL, '4e272fc4-7875-78d6-7d32-6a1673ffca7c', 'DP0002', 'Phòng ban Nghiên cứu và phát triển', '4bfe55ba-57df-274c-1144-cfd00e0a9b3b', 'FAC0008', 'Đất đai và bất động sản', '2023-08-02 00:00:00', '2023-08-16 00:00:00', 2345.0000, 2345, NULL, 2023, 25, 0, NULL, NULL, NULL, NULL, '2023-08-01 16:41:29'),
('952afb79-0ed3-4dd1-8129-ab9b91c9add6', 'FA00043', 'Đồng hồ', NULL, NULL, NULL, '11452b0c-768e-5ff7-0d63-eeb1d8ed8cef', 'DP0004', 'Phòng ban Tài chính', '697be7ba-1738-6adf-298f-4d82f3a13455', 'FAC0007', 'Công cụ và dụng cụ thủ công', '2023-08-07 00:00:00', '2023-08-07 00:00:00', 3450.0000, 23425, NULL, 2023, 15, 0, NULL, NULL, NULL, NULL, '2023-08-10 06:50:36'),
('9839d451-3078-11ee-b14c-f875a4da458a', 'FA00021', '54356', NULL, NULL, NULL, '11452b0c-768e-5ff7-0d63-eeb1d8ed8cef', 'DP0004', 'Phòng ban Tài chính', '6207a9a7-3bf9-7288-8565-390639088226', 'FAC0001', 'Trang thiết bị y tế', '2023-08-01 00:00:00', '2023-08-01 00:00:00', 3456.0000, 3456, NULL, 2023, 17, 0, NULL, NULL, '2023-08-01 21:34:55', NULL, '2023-08-01 21:34:55'),
('9b824a30-3073-11ee-b14c-f875a4da458a', 'FA00013', '2345qwer', NULL, NULL, NULL, '4e272fc4-7875-78d6-7d32-6a1673ffca7c', 'DP0002', 'Phòng ban Nghiên cứu và phát triển', '5e6695e2-5aad-3241-6c1a-bb545470e80c', 'FAC0000', 'Thiết bị văn phòng', '2023-07-28 00:00:00', '2023-08-30 00:00:00', 2345.0000, 2345, NULL, 2023, 19, 0, NULL, NULL, NULL, NULL, '2023-08-06 16:20:24'),
('9d1b7173-304f-11ee-b14c-f875a4da458a', 'FA00012', '2345qwer', NULL, NULL, NULL, '4e272fc4-7875-78d6-7d32-6a1673ffca7c', 'DP0002', 'Phòng ban Nghiên cứu và phát triển', '4bfe55ba-57df-274c-1144-cfd00e0a9b3b', 'FAC0008', 'Đất đai và bất động sản', '2023-07-29 00:00:00', '2023-08-31 00:00:00', 2345.0000, 2345, NULL, 2023, 17, 0, NULL, NULL, NULL, NULL, '2023-08-01 20:58:35'),
('9e109f17-3367-11ee-aa14-f875a4da458a', 'FA00055', '2345', NULL, NULL, NULL, '4e272fc4-7875-78d6-7d32-6a1673ffca7c', 'DP0002', 'Phòng ban Nghiên cứu và phát triển', '6207a9a7-3bf9-7288-8565-390639088226', 'FAC0001', 'Trang thiết bị y tế', '2023-08-05 00:00:00', '2023-08-05 00:00:00', 3450.0000, 32405, NULL, 2023, 15, 0, NULL, NULL, NULL, NULL, '2023-08-05 15:11:12'),
('9e8f5706-f90c-4891-8f83-3ba6071e7dd3', 'FA00067', 'bút chì', NULL, NULL, NULL, '142cb08f-7c31-21fa-8e90-67245e8b283e', 'DP0000', 'Phòng ban Kỹ thuật', '6207a9a7-3bf9-7288-8565-390639088226', 'FAC0001', 'Trang thiết bị y tế', '2022-12-12 00:00:00', '2023-12-01 00:00:00', 31245.0000, 1234, NULL, 2023, 16, 0, NULL, NULL, '2023-08-10 05:21:53', NULL, '2023-08-10 05:21:53'),
('9f39d39f-304f-11ee-b14c-f875a4da458a', 'FA0009', '2345qwer', NULL, NULL, NULL, '4e272fc4-7875-78d6-7d32-6a1673ffca7c', 'DP0002', 'Phòng ban Nghiên cứu và phát triển', '4bfe55ba-57df-274c-1144-cfd00e0a9b3b', 'FAC0008', 'Đất đai và bất động sản', '2023-07-31 00:00:00', '2023-08-14 00:00:00', 2345.0000, 2345, NULL, 2023, 16, 0, NULL, NULL, '2023-08-01 16:41:37', NULL, '2023-08-01 16:41:37'),
('a0fc0e48-304f-11ee-b14c-f875a4da458a', 'FA00010', '2345qwer', NULL, NULL, NULL, '4e272fc4-7875-78d6-7d32-6a1673ffca7c', 'DP0002', 'Phòng ban Nghiên cứu và phát triển', '4bfe55ba-57df-274c-1144-cfd00e0a9b3b', 'FAC0008', 'Đất đai và bất động sản', '2023-07-27 00:00:00', '2023-08-10 00:00:00', 2345.0000, 2345, NULL, 2023, 16, 0, NULL, NULL, NULL, NULL, '2023-08-01 17:07:28'),
('a15ade05-cd46-49e6-9e81-bea2d6f640d5', 'FA00068', 'Nhà đất', NULL, NULL, NULL, '11452b0c-768e-5ff7-0d63-eeb1d8ed8cef', 'DP0004', 'Phòng ban Tài chính', '6207a9a7-3bf9-7288-8565-390639088226', 'FAC0001', 'Trang thiết bị y tế', '2023-08-09 00:00:00', '2023-08-09 00:00:00', 23405.0000, 23405, NULL, 2023, 19, 0, NULL, NULL, NULL, NULL, '2023-08-10 06:49:31'),
('a60a5d46-336a-11ee-aa14-f875a4da458a', 'FA00056', '2345', NULL, NULL, NULL, '4e272fc4-7875-78d6-7d32-6a1673ffca7c', 'DP0002', 'Phòng ban Nghiên cứu và phát triển', '697be7ba-1738-6adf-298f-4d82f3a13455', 'FAC0007', 'Công cụ và dụng cụ thủ công', '2023-08-05 00:00:00', '2023-08-05 00:00:00', 23405.0000, 34205, NULL, 2023, 10, 0, NULL, NULL, NULL, NULL, '2023-08-05 15:32:56'),
('aab92299-30f0-11ee-b14c-f875a4da458a', 'FA00052', 'oijiohjpoij[ ouig iuhphouh oph 09 i90u 98', NULL, NULL, NULL, '4e272fc4-7875-78d6-7d32-6a1673ffca7c', 'DP0002', 'Phòng ban Nghiên cứu và phát triển', '697be7ba-1738-6adf-298f-4d82f3a13455', 'FAC0007', 'Công cụ và dụng cụ thủ công', '2023-08-02 00:00:00', '2023-08-02 00:00:00', 9098.0000, 890809, NULL, 2023, 13, 0, NULL, NULL, NULL, NULL, '2023-08-05 15:10:19'),
('ae0e0322-3053-11ee-b14c-f875a4da458a', 'FA00011', '2345qwer', NULL, NULL, NULL, '4e272fc4-7875-78d6-7d32-6a1673ffca7c', 'DP0002', 'Phòng ban Nghiên cứu và phát triển', '4bfe55ba-57df-274c-1144-cfd00e0a9b3b', 'FAC0008', 'Đất đai và bất động sản', '2023-07-26 00:00:00', '2023-08-09 00:00:00', 2345.0000, 2345, NULL, 2023, 16, 0, NULL, NULL, '2023-08-01 17:10:40', NULL, '2023-08-01 17:10:40'),
('af7f79dc-38bb-4432-821c-ca74aa852a07', 'FA00044', 'Túi xách', NULL, NULL, NULL, '11452b0c-768e-5ff7-0d63-eeb1d8ed8cef', 'DP0004', 'Phòng ban Tài chính', '697be7ba-1738-6adf-298f-4d82f3a13455', 'FAC0007', 'Công cụ và dụng cụ thủ công', '2023-08-07 00:00:00', '2023-08-31 00:00:00', 23405.0000, 5, NULL, 2023, 13, 0, NULL, NULL, NULL, NULL, '2023-08-10 06:50:29'),
('b83323e7-3073-11ee-b14c-f875a4da458a', 'FA00014', '2345qwer', NULL, NULL, NULL, '4e272fc4-7875-78d6-7d32-6a1673ffca7c', 'DP0002', 'Phòng ban Nghiên cứu và phát triển', '6207a9a7-3bf9-7288-8565-390639088226', 'FAC0001', 'Trang thiết bị y tế', '2023-07-27 00:00:00', '2023-08-29 00:00:00', 2345.0000, 2345, NULL, 2023, 14, 0, NULL, NULL, NULL, NULL, '2023-08-05 18:49:13'),
('bffccf23-3076-11ee-b14c-f875a4da458a', 'FA00017', '245', NULL, NULL, NULL, '469b3ece-744a-45d5-957d-e8c757976496', 'DP0001', 'Phòng ban Quản lý chất lượng', '697be7ba-1738-6adf-298f-4d82f3a13455', 'FAC0007', 'Công cụ và dụng cụ thủ công', '2023-08-17 00:00:00', '2023-08-24 00:00:00', 2345.0000, 2345, NULL, 2023, 13, 0, NULL, NULL, '2023-08-01 21:21:43', NULL, '2023-08-01 21:21:43'),
('c474c436-30e8-11ee-b14c-f875a4da458a', 'FA00050', '141324', NULL, NULL, NULL, '4e272fc4-7875-78d6-7d32-6a1673ffca7c', 'DP0002', 'Phòng ban Nghiên cứu và phát triển', '697be7ba-1738-6adf-298f-4d82f3a13455', 'FAC0007', 'Công cụ và dụng cụ thủ công', '2023-08-27 00:00:00', '2023-08-18 00:00:00', 12304.0000, 13204, NULL, 2023, 13, 0, NULL, NULL, '2023-08-02 10:57:51', NULL, '2023-08-02 10:57:51'),
('d292e10a-2fb0-4aac-9da6-bd87e87d3f99', 'FA00033', 'thước', NULL, NULL, NULL, '4e272fc4-7875-78d6-7d32-6a1673ffca7c', 'DP0002', 'Phòng ban Nghiên cứu và phát triển', '697be7ba-1738-6adf-298f-4d82f3a13455', 'FAC0007', 'Công cụ và dụng cụ thủ công', '2023-08-06 00:00:00', '2023-08-06 00:00:00', 34205.0000, 23405, NULL, 2023, 15, 0, NULL, NULL, '2023-08-06 17:47:14', NULL, '2023-08-06 17:47:15'),
('d3004658-336c-11ee-aa14-f875a4da458a', 'FA00060', 'Giấy chứng nhận cổ phần', NULL, NULL, NULL, '11452b0c-768e-5ff7-0d63-eeb1d8ed8cef', 'DP0004', 'Phòng ban Tài chính', '697be7ba-1738-6adf-298f-4d82f3a13455', 'FAC0007', 'Công cụ và dụng cụ thủ công', '2023-08-05 00:00:00', '2023-08-05 00:00:00', 1234.0000, 1234, NULL, 2023, 20, 0, NULL, NULL, NULL, NULL, '2023-08-10 06:50:15'),
('d3ac654c-343a-11ee-aa14-f875a4da458a', 'FA00032', '2134234', NULL, NULL, NULL, '4e272fc4-7875-78d6-7d32-6a1673ffca7c', 'DP0002', 'Phòng ban Nghiên cứu và phát triển', '697be7ba-1738-6adf-298f-4d82f3a13455', 'FAC0007', 'Công cụ và dụng cụ thủ công', '2023-08-06 00:00:00', '2023-08-06 00:00:00', 2310432.0000, 21304, NULL, 2023, 13, 0, NULL, NULL, '2023-08-06 16:22:50', NULL, '2023-08-06 16:22:50'),
('d615acfa-3079-11ee-b14c-f875a4da458a', 'FA00022', '54356', NULL, NULL, NULL, '11452b0c-768e-5ff7-0d63-eeb1d8ed8cef', 'DP0004', 'Phòng ban Tài chính', '6207a9a7-3bf9-7288-8565-390639088226', 'FAC0001', 'Trang thiết bị y tế', '2023-08-01 00:00:00', '2023-08-01 00:00:00', 3456.0000, 3456, NULL, 2023, 14, 0, NULL, NULL, '2023-08-01 21:43:48', NULL, '2023-08-01 21:43:48'),
('d7c788f8-3079-11ee-b14c-f875a4da458a', 'FA00023', '54356', NULL, NULL, NULL, '11452b0c-768e-5ff7-0d63-eeb1d8ed8cef', 'DP0004', 'Phòng ban Tài chính', '6207a9a7-3bf9-7288-8565-390639088226', 'FAC0001', 'Trang thiết bị y tế', '2023-08-01 00:00:00', '2023-08-01 00:00:00', 3456.0000, 3456, NULL, 2023, 14, 0, NULL, NULL, '2023-08-01 21:43:51', NULL, '2023-08-01 21:43:51'),
('d96042c7-3079-11ee-b14c-f875a4da458a', 'FA00024', '54356', NULL, NULL, NULL, '11452b0c-768e-5ff7-0d63-eeb1d8ed8cef', 'DP0004', 'Phòng ban Tài chính', '6207a9a7-3bf9-7288-8565-390639088226', 'FAC0001', 'Trang thiết bị y tế', '2023-08-01 00:00:00', '2023-08-01 00:00:00', 3456.0000, 3456, NULL, 2023, 14, 0, NULL, NULL, '2023-08-01 21:43:54', NULL, '2023-08-01 21:43:54'),
('dc33972a-3079-11ee-b14c-f875a4da458a', 'FA00025', '54356', NULL, NULL, NULL, '11452b0c-768e-5ff7-0d63-eeb1d8ed8cef', 'DP0004', 'Phòng ban Tài chính', '6207a9a7-3bf9-7288-8565-390639088226', 'FAC0001', 'Trang thiết bị y tế', '2023-08-01 00:00:00', '2023-08-01 00:00:00', 3456.0000, 3456, NULL, 2023, 14, 0, NULL, NULL, '2023-08-01 21:43:59', NULL, '2023-08-01 21:43:59'),
('dc811945-3076-11ee-b14c-f875a4da458a', 'FA00018', '2345', NULL, NULL, NULL, '4e272fc4-7875-78d6-7d32-6a1673ffca7c', 'DP0002', 'Phòng ban Nghiên cứu và phát triển', '697be7ba-1738-6adf-298f-4d82f3a13455', 'FAC0007', 'Công cụ và dụng cụ thủ công', '2023-07-31 00:00:00', '2023-07-31 00:00:00', 2345.0000, 2345, NULL, 2023, 13, 0, NULL, NULL, NULL, NULL, '2023-08-06 16:03:59'),
('df55907a-3079-11ee-b14c-f875a4da458a', 'FA00026', '54356', NULL, NULL, NULL, '11452b0c-768e-5ff7-0d63-eeb1d8ed8cef', 'DP0004', 'Phòng ban Tài chính', '6207a9a7-3bf9-7288-8565-390639088226', 'FAC0001', 'Trang thiết bị y tế', '2023-08-01 00:00:00', '2023-08-01 00:00:00', 3456.0000, 3456, NULL, 2023, 14, 0, NULL, NULL, '2023-08-01 21:44:04', NULL, '2023-08-01 21:44:04'),
('e100122d-3079-11ee-b14c-f875a4da458a', 'FA00027', '54356', NULL, NULL, NULL, '11452b0c-768e-5ff7-0d63-eeb1d8ed8cef', 'DP0004', 'Phòng ban Tài chính', '6207a9a7-3bf9-7288-8565-390639088226', 'FAC0001', 'Trang thiết bị y tế', '2023-08-01 00:00:00', '2023-08-01 00:00:00', 3456.0000, 3456, NULL, 2023, 14, 0, NULL, NULL, '2023-08-01 21:44:07', NULL, '2023-08-01 21:44:07'),
('e3421e98-3079-11ee-b14c-f875a4da458a', 'FA00028', '54356', NULL, NULL, NULL, '11452b0c-768e-5ff7-0d63-eeb1d8ed8cef', 'DP0004', 'Phòng ban Tài chính', '6207a9a7-3bf9-7288-8565-390639088226', 'FAC0001', 'Trang thiết bị y tế', '2023-08-01 00:00:00', '2023-08-01 00:00:00', 3456.0000, 3456, NULL, 2023, 14, 0, NULL, NULL, '2023-08-01 21:44:10', NULL, '2023-08-01 21:44:10'),
('e5bdb77d-3079-11ee-b14c-f875a4da458a', 'FA00029', '54356', NULL, NULL, NULL, '11452b0c-768e-5ff7-0d63-eeb1d8ed8cef', 'DP0004', 'Phòng ban Tài chính', '6207a9a7-3bf9-7288-8565-390639088226', 'FAC0001', 'Trang thiết bị y tế', '2023-08-01 00:00:00', '2023-08-01 00:00:00', 3456.0000, 3456, NULL, 2023, 14, 0, NULL, NULL, '2023-08-01 21:44:15', NULL, '2023-08-01 21:44:15'),
('ede85e18-336c-11ee-aa14-f875a4da458a', 'FA00063', 'Trang sức', NULL, NULL, NULL, '11452b0c-768e-5ff7-0d63-eeb1d8ed8cef', 'DP0004', 'Phòng ban Tài chính', '697be7ba-1738-6adf-298f-4d82f3a13455', 'FAC0007', 'Công cụ và dụng cụ thủ công', '2023-08-05 00:00:00', '2023-08-05 00:00:00', 23405.0000, 23405, NULL, 2023, 10, 0, NULL, NULL, NULL, NULL, '2023-08-10 06:49:54'),
('f9543d88-30e5-11ee-b14c-f875a4da458a', 'FA00046', '1324', NULL, NULL, NULL, '4e272fc4-7875-78d6-7d32-6a1673ffca7c', 'DP0002', 'Phòng ban Nghiên cứu và phát triển', '697be7ba-1738-6adf-298f-4d82f3a13455', 'FAC0007', 'Công cụ và dụng cụ thủ công', '2023-08-02 00:00:00', '2023-08-02 00:00:00', 13140234.0000, 2340, NULL, 2023, 233, 0, NULL, NULL, '2023-08-02 10:37:52', NULL, '2023-08-02 10:37:52');

-- 
-- Dumping data for table transfer_asset
--
-- Table qlts_fresher_core.transfer_asset does not contain any data (it is empty)

-- 
-- Dumping data for table transfer_asset_detail
--
-- Table qlts_fresher_core.transfer_asset_detail does not contain any data (it is empty)

-- 
-- Dumping data for table receiver
--
-- Table qlts_fresher_core.receiver does not contain any data (it is empty)

-- 
-- Restore previous SQL mode
-- 
/*!40101 SET SQL_MODE=@OLD_SQL_MODE */;

-- 
-- Enable foreign keys
-- 
/*!40014 SET FOREIGN_KEY_CHECKS = @OLD_FOREIGN_KEY_CHECKS */;